ActivityColumn,Block
Deb Lecture du Tableau de nombres,Deb
Deb Activité avec bâtonnets et paquet,Deb
Deb Lecture de la Table d’addition,Deb
Deb Opération de base avec problèmes d'addition,Deb
Deb Mind map Addition,Deb
Deb Lecture de la Table de soustraction,Deb
Deb Opération de base avec problèmes de soustraction,Deb
Deb Gymn aux nombres,Deb
Deb Saut aux nombres,Deb
Deb Exercices d’opérations,Deb
Unchiffe Lecture du Tableau de nombres,Unchiffe
Unchiffe Activité avec bâtonnets et paquet,Unchiffe
Unchiffe Lecture de la Table d’addition,Unchiffe
Unchiffe Opération de base avec problèmes d'addition,Unchiffe
Unchiffe Mind map Addition,Unchiffe
Unchiffe Lecture de la Table de soustraction,Unchiffe
Unchiffe Opération de base avec problèmes de soustraction,Unchiffe
Unchiffe Gymn aux nombres,Unchiffe
Unchiffe Saut aux nombres,Unchiffe
Unchiffe Exercices d’opérations,Unchiffe
Deuxchiffres Lecture du Tableau de nombres,Deuxchiffres
Deuxchiffres Activité avec bâtonnets et paquet,Deuxchiffres
Deuxchiffres Lecture de la Table d’addition,Deuxchiffres
Deuxchiffres Opération de base avec problèmes d'addition,Deuxchiffres
Deuxchiffres Mind map Addition,Deuxchiffres
Deuxchiffres Lecture de la Table de soustraction,Deuxchiffres
Deuxchiffres Opération de base avec problèmesde soustraction,Deuxchiffres
Deuxchiffres Mind map soustraction,Deuxchiffres
Deuxchiffres Gymn aux nombres,Deuxchiffres
Deuxchiffres Saut aux nombres,Deuxchiffres
Deuxchiffres Tape les mains et claque les doigts,Deuxchiffres
Deuxchiffres Roue des nombres,Deuxchiffres
Deuxchiffres Exercices d’opérations,Deuxchiffres
TroisA Lecture du Tableau de nombres,TroisA
TroisA Activité avec bâtonnets et paquet,TroisA
TroisA Lecture de la Table d’addition,TroisA
TroisA Opération de base avec problèmes d'addition,TroisA
TroisA Mind map Addition,TroisA
TroisA Lecture de la Table de soustraction,TroisA
TroisA Opération de base avec problèmes de soustraction,TroisA
TroisA Mind map soustraction,TroisA
TroisA Saut aux nombres,TroisA
TroisA Roue des nombres,TroisA
TroisA Exercices d’opérations,TroisA
TroisB Concept de la Multiplication,TroisB
TroisB Multiplication par échelle,TroisB
TroisB Lecture de la Table de multiplication,TroisB
TroisB Opération de base avec problèmes de multiplication,TroisB
TroisB Concept de la Division,TroisB
TroisB Opération de base avec problèmes de Division,TroisB
TroisB Roue des nombres,TroisB
TroisB Exercices d'opérations,TroisB
